INSERT INTO Cliente VALUES
('12312312311', 'Carlos Silva', 35, '11222333', 'Centro', 'Rua X', '11'),
('23423423422', 'Mariana Souza', 29, '22334455', 'Vila Nova', 'Rua Y', '22'),
('34534534533', 'João Pereira', 42, '33445566', 'Industrial', 'Rua Z', '33'),
('45645645644', 'Ana Lima', 27, '44556677', 'Bairro Azul', 'Rua K', '44'),
('56756756755', 'Pedro Rocha', 50, '55667788', 'Cidade Velha', 'Rua L', '55'),
('67867867866', 'Juliana Costa', 31, '66778899', 'Alto da Serra', 'Rua M', '66'),
('78978978977', 'Felipe Ramos', 38, '77889900', 'Centro', 'Rua N', '77'),
('89089089088', 'Fernanda Dias', 45, '88990011', 'Vila Rica', 'Rua O', '88'),
('90190190199', 'Lucas Martins', 22, '99001122', 'Jardim', 'Rua P', '99'),
('10110110110', 'Patrícia Alves', 40, '10101010', 'Centro', 'Rua Q', '100'),

('11111111111', 'Rafael Gomes', 33, '11112222', 'Boa Vista', 'Rua das Flores', '12'),
('22222222222', 'Camila Andrade', 28, '22223333', 'Liberdade', 'Avenida Brasil', '45'),
('33333333333', 'Gustavo Ferreira', 41, '33334444', 'Industrial', 'Rua A', '67'),
('44444444444', 'Beatriz Moura', 26, '44445555', 'Centro', 'Rua das Palmeiras', '89'),
('55555555555', 'Rodrigo Nunes', 39, '55556666', 'Bela Vista', 'Rua B', '101'),
('66666666666', 'Larissa Barbosa', 32, '66667777', 'Vila Nova', 'Rua C', '202'),
('77777777777', 'André Castro', 47, '77778888', 'Centro', 'Rua das Acácias', '303'),
('88888888888', 'Tatiane Moreira', 24, '88889999', 'Alto da Serra', 'Rua D', '404'),
('99999999999', 'Eduardo Almeida', 36, '99990000', 'Cidade Velha', 'Rua E', '505'),
('12121212121', 'Sofia Mendes', 30, '12121212', 'Jardim', 'Rua F', '606'),

('13131313131', 'Ricardo Teixeira', 44, '13131313', 'Vila Rica', 'Rua G', '707'),
('14141414141', 'Paula Fernandes', 25, '14141414', 'Boa Vista', 'Rua H', '808'),
('15151515151', 'Marcelo Tavares', 52, '15151515', 'Liberdade', 'Rua I', '909'),
('16161616161', 'Natália Pires', 29, '16161616', 'Industrial', 'Rua J', '1001'),
('17171717171', 'Bruno Carvalho', 34, '17171717', 'Bairro Azul', 'Rua K', '1102'),
('18181818181', 'Carolina Freitas', 27, '18181818', 'Centro', 'Rua L', '1203'),
('19191919191', 'Thiago Oliveira', 46, '19191919', 'Vila Nova', 'Rua M', '1304'),
('20202020202', 'Vanessa Ribeiro', 31, '20202020', 'Bela Vista', 'Rua N', '1405'),
('21212121212', 'Diego Lopes', 37, '21212121', 'Cidade Velha', 'Rua O', '1506'),
('22232323232', 'Amanda Correia', 28, '23232323', 'Alto da Serra', 'Rua P', '1607');

INSERT INTO Funcionario VALUES
('32132132100', 4500.00, 'Gerente', '2015-03-10', NULL, '70000000', 'Centro', 'Av. Brasil', '100'),
('65465465411', 2500.00, 'Vendedor', '2018-07-22', '32132132100', '70000001', 'Centro', 'Rua das Flores', '45'),
('98798798722', 2300.00, 'Vendedor', '2019-01-15', '32132132100', '70000002', 'Vila Nova', 'Rua das Palmeiras', '67'),
('11122233344', 2800.00, 'Mecânico', '2020-05-10', '32132132100', '70000003', 'Industrial', 'Rua A', '12'),
('55566677788', 3200.00, 'Supervisor', '2016-11-30', NULL, '70000004', 'Centro', 'Av. Goiás', '89'),
('99988877766', 2100.00, 'Atendente', '2021-02-02', '55566677788', '70000005', 'Bela Vista', 'Rua B', '56'),
('44455566677', 2600.00, 'Mecânico', '2017-06-18', '55566677788', '70000006', 'Vila Nova', 'Rua C', '78'),
('22233344455', 2000.00, 'Estagiário', '2022-08-05', '55566677788', '70000007', 'Centro', 'Rua D', '23'),
('88877766655', 3100.00, 'Vendedor', '2019-04-09', '55566677788', '70000008', 'Industrial', 'Rua E', '101'),
('12398745600', 2900.00, 'Mecânico', '2018-09-12', '55566677788', '70000009', 'Bairro Azul', 'Rua F', '34'),

('32165498711', 3500.00, 'Supervisor', '2014-03-19', NULL, '70000010', 'Centro', 'Rua G', '88'),
('65432198722', 2400.00, 'Atendente', '2020-10-01', '32165498711', '70000011', 'Jardim', 'Rua H', '11'),
('78945612333', 2700.00, 'Vendedor', '2016-12-15', '32165498711', '70000012', 'Liberdade', 'Rua I', '77'),
('14725836944', 2800.00, 'Mecânico', '2017-08-21', '32165498711', '70000013', 'Industrial', 'Rua J', '90'),
('25836914755', 2100.00, 'Atendente', '2021-01-05', '32165498711', '70000014', 'Vila Rica', 'Rua K', '56'),
('36925814766', 2600.00, 'Mecânico', '2018-03-08', '32165498711', '70000015', 'Centro', 'Rua L', '72'),
('45678912377', 3100.00, 'Vendedor', '2019-11-27', '32165498711', '70000016', 'Alto da Serra', 'Rua M', '14'),
('15935748688', 2200.00, 'Estagiário', '2022-04-10', '32165498711', '70000017', 'Boa Vista', 'Rua N', '66'),
('75315945699', 4000.00, 'Gerente', '2013-06-30', NULL, '70000018', 'Centro', 'Rua O', '110'),
('85245615900', 2500.00, 'Atendente', '2020-12-18', '75315945699', '70000019', 'Cidade Velha', 'Rua P', '33'),

('95135745611', 2600.00, 'Mecânico', '2018-09-14', '75315945699', '70000020', 'Centro', 'Rua Q', '50'),
('35715995122', 2300.00, 'Vendedor', '2019-02-22', '75315945699', '70000021', 'Vila Nova', 'Rua R', '44'),
('15915915933', 2100.00, 'Atendente', '2021-07-07', '75315945699', '70000022', 'Centro', 'Rua S', '77'),
('75375375344', 2600.00, 'Mecânico', '2016-03-13', '75315945699', '70000023', 'Industrial', 'Rua T', '28'),
('45645645655', 3100.00, 'Supervisor', '2015-05-05', NULL, '70000024', 'Centro', 'Rua U', '99'),
('12312312366', 2000.00, 'Estagiário', '2023-01-20', '45645645655', '70000025', 'Bela Vista', 'Rua V', '12'),
('78978978977', 2400.00, 'Atendente', '2020-09-10', '45645645655', '70000026', 'Cidade Velha', 'Rua W', '48'),
('32132132188', 2800.00, 'Mecânico', '2019-06-22', '45645645655', '70000027', 'Liberdade', 'Rua X', '31'),
('65465465499', 2500.00, 'Vendedor', '2017-02-18', '45645645655', '70000028', 'Centro', 'Rua Y', '27'),
('98798798700', 4200.00, 'Gerente', '2012-12-12', NULL, '70000029', 'Centro', 'Av. Principal', '1');

INSERT INTO Fornecedor VALUES
('11222333000101', 'Auto Peças Brasil LTDA', 'AutoBrasil', '1133224455'),
('22334455000102', 'Comercial Andrade ME', 'Andrade Auto', '1144335566'),
('33445566000103', 'Moura Distribuidora SA', 'Moura Peças', '1155446677'),
('44556677000104', 'Ferreira & Filhos LTDA', 'Ferreira Auto', '1166557788'),
('55667788000105', 'Ribeiro Auto Imports', 'Ribeiro Imports', '1177668899'),
('66778899000106', 'Costa Comércio Automotivo', 'Costa Car', '1188779900'),
('77889900000107', 'Martins Auto Center', 'Martins Center', '1199880011'),
('88990011000108', 'Souza Distribuidora', 'Souza Auto', '1122112233'),
('99001122000109', 'Dias Auto Partes', 'Dias Peças', '1133223344'),
('10101010000110', 'Alves Comércio de Veículos', 'Alves Motors', '1144334455'),

('11111111000111', 'Nunes Auto Peças', 'NunesCar', '1155445566'),
('12121212000112', 'Lima Distribuidora', 'Lima Auto', '1166556677'),
('13131313000113', 'Silva Comércio Automotivo', 'Silva Motors', '1177667788'),
('14141414000114', 'Rocha Imports LTDA', 'Rocha Imports', '1188778899'),
('15151515000115', 'Costa & Almeida', 'Costa Almeida Auto', '1199889900'),
('16161616000116', 'Mendes Auto', 'MendesCar', '1122334455'),
('17171717000117', 'Fernandes Auto Partes', 'Fernandes Peças', '1133445566'),
('18181818000118', 'Teixeira Comércio', 'TeixeiraCar', '1144556677'),
('19191919000119', 'Barbosa Distribuidora', 'Barbosa Auto', '1155667788'),
('20202020000120', 'Tavares Auto LTDA', 'TavaresCar', '1166778899'),

('21212121000121', 'Castro Auto Peças', 'CastroCar', '1177889900'),
('22222222000122', 'Pereira Veículos', 'Pereira Motors', '1188990011'),
('23232323000123', 'Almeida Comércio', 'Almeida Auto', '1199001122'),
('24242424000124', 'Moura e Cia', 'Moura Motors', '1122113344'),
('25252525000125', 'Freitas Auto', 'FreitasCar', '1133224455'),
('26262626000126', 'Carvalho Auto Peças', 'CarvalhoCar', '1144335566'),
('27272727000127', 'Oliveira Imports', 'Oliveira Auto', '1155446677'),
('28282828000128', 'Correia Distribuidora', 'Correia Auto', '1166557788'),
('29292929000129', 'Ramos Auto Center', 'RamosCar', '1177668899'),
('30303030000130', 'Santos Auto Comércio', 'SantosCar', '1188779900');

INSERT INTO Veiculo VALUES
(1, 2022, 12000, 'Prata', 'Novo', 135000.00, 'Toyota Corolla', 'Flex', '11222333000101'),
(2, 2021, 25000, 'Preto', 'Ótimo', 120000.00, 'Honda Civic', 'Gasolina', '22334455000102'),
(3, 2020, 30000, 'Branco', 'Bom', 95000.00, 'Hyundai Creta', 'Flex', '33445566000103'),
(4, 2019, 45000, 'Azul', 'Regular', 80000.00, 'Nissan Sentra', 'Gasolina', '44556677000104'),
(5, 2018, 60000, 'Vermelho', 'Regular', 70000.00, 'Chevrolet Cruze', 'Flex', '55667788000105'),
(6, 2017, 75000, 'Cinza', 'Bom', 55000.00, 'Ford Focus', 'Flex', '66778899000106'),
(7, 2016, 90000, 'Branco', 'Regular', 40000.00, 'Fiat Siena', 'Gasolina', '77889900000107'),
(8, 2015, 105000, 'Prata', 'Ruim', 20000.00, 'VW Gol', 'Gasolina', '88990011000108'),
(9, 2023, 8000, 'Preto', 'Novo', 180000.00, 'Jeep Compass', 'Diesel', '99001122000109'),
(10, 2022, 15000, 'Branco', 'Ótimo', 160000.00, 'Toyota Hilux', 'Diesel', '10101010000110'),

(11, 2021, 20000, 'Cinza', 'Ótimo', 110000.00, 'Renault Captur', 'Flex', '11111111000111'),
(12, 2020, 35000, 'Azul', 'Bom', 90000.00, 'Honda HR-V', 'Flex', '12121212000112'),
(13, 2019, 40000, 'Vermelho', 'Bom', 75000.00, 'Chevrolet Onix', 'Flex', '13131313000113'),
(14, 2018, 60000, 'Preto', 'Regular', 60000.00, 'VW Polo', 'Flex', '14141414000114'),
(15, 2017, 70000, 'Branco', 'Regular', 50000.00, 'Fiat Uno', 'Gasolina', '15151515000115'),
(16, 2016, 85000, 'Prata', 'Bom', 35000.00, 'Ford Ka', 'Flex', '16161616000116'),
(17, 2015, 95000, 'Vermelho', 'Regular', 25000.00, 'Chevrolet Celta', 'Gasolina', '17171717000117'),
(18, 2014, 110000, 'Cinza', 'Ruim', 15000.00, 'Fiat Palio', 'Gasolina', '18181818000118'),
(19, 2013, 125000, 'Azul', 'Ruim', 12000.00, 'VW Fox', 'Gasolina', '19191919000119'),
(20, 2012, 140000, 'Branco', 'Ruim', 10000.00, 'Renault Logan', 'Flex', '20202020000120'),

(21, 2023, 5000, 'Preto', 'Novo', 210000.00, 'BMW X1', 'Gasolina', '21212121000121'),
(22, 2022, 10000, 'Azul', 'Novo', 185000.00, 'Audi A3', 'Flex', '22222222000122'),
(23, 2021, 20000, 'Vermelho', 'Ótimo', 170000.00, 'Mercedes GLA', 'Gasolina', '23232323000123'),
(24, 2020, 30000, 'Branco', 'Ótimo', 160000.00, 'Volvo XC40', 'Híbrido', '24242424000124'),
(25, 2019, 45000, 'Cinza', 'Bom', 150000.00, 'BMW 320i', 'Gasolina', '25252525000125'),
(26, 2018, 60000, 'Prata', 'Bom', 90000.00, 'Honda Fit', 'Flex', '26262626000126'),
(27, 2017, 75000, 'Vermelho', 'Regular', 70000.00, 'Chevrolet Spin', 'Flex', '27272727000127'),
(28, 2016, 85000, 'Branco', 'Regular', 60000.00, 'VW Voyage', 'Flex', '28282828000128'),
(29, 2015, 95000, 'Cinza', 'Regular', 50000.00, 'Fiat Punto', 'Gasolina', '29292929000129'),
(30, 2014, 110000, 'Preto', 'Ruim', 30000.00, 'Peugeot 208', 'Gasolina', '30303030000130'),

(31, 2022, 8000, 'Preto', 'Novo', 90000.00, 'Yamaha MT-07', 'Gasolina', '11222333000101'),
(32, 2021, 12000, 'Azul', 'Ótimo', 120000.00, 'Honda Hornet 650', 'Gasolina', '22334455000102'),
(33, 2020, 15000, 'Vermelho', 'Novo', 58000.00, 'Honda CB 500F', 'Gasolina', '33445566000103'),
(34, 2019, 20000, 'Branco', 'Ótimo', 65000.00, 'Kawasaki Ninja 400', 'Gasolina', '44556677000104'),
(35, 2018, 30000, 'Vermelho', 'Ótimo', 42000.00, 'Yamaha Fazer 250', 'Gasolina', '55667788000105'),
(36, 2017, 35000, 'Cinza', 'Bom', 30000.00, 'Yamaha Factor 125', 'Gasolina', '66778899000106'),
(37, 2016, 25000, 'Branco', 'Bom', 27000.00, 'Honda Biz 125', 'Gasolina', '77889900000107'),
(38, 2015, 50000, 'Prata', 'Regular', 22000.00, 'Honda CG 150', 'Gasolina', '88990011000108'),
(39, 2014, 60000, 'Preto', 'Regular', 18000.00, 'Yamaha Crypton', 'Gasolina', '99001122000109'),
(40, 2013, 75000, 'Azul', 'Ruim', 15000.00, 'Honda Pop 100', 'Gasolina', '10101010000110'),

(41, 2023, 5000, 'Branco', 'Novo', 45000.00, 'Honda Titan 160', 'Gasolina', '11111111000111'),
(42, 2022, 9000, 'Cinza', 'Ótimo', 70000.00, 'Yamaha XRE 300', 'Gasolina', '12121212000112'),
(43, 2021, 14000, 'Vermelho', 'Ótimo', 65000.00, 'Kawasaki Z400', 'Gasolina', '13131313000113'),
(44, 2020, 18000, 'Preto', 'Bom', 55000.00, 'Suzuki GSR 250', 'Gasolina', '14141414000114'),
(45, 2019, 20000, 'Branco', 'Bom', 40000.00, 'Honda Bros 160', 'Gasolina', '15151515000115'),
(46, 2018, 28000, 'Azul', 'Regular', 35000.00, 'Yamaha YBR 150', 'Gasolina', '16161616000116'),
(47, 2017, 36000, 'Vermelho', 'Regular', 28000.00, 'Honda CB 300R', 'Gasolina', '17171717000117'),
(48, 2016, 42000, 'Preto', 'Regular', 25000.00, 'Suzuki Yes 125', 'Gasolina', '18181818000118'),
(49, 2015, 50000, 'Cinza', 'Ruim', 20000.00, 'Yamaha DT 180', 'Gasolina', '19191919000119'),
(50, 2014, 58000, 'Prata', 'Ruim', 15000.00, 'Honda XL 125', 'Gasolina', '20202020000120'),

(51, 2023, 6000, 'Azul', 'Novo', 85000.00, 'Honda CBR 500R', 'Gasolina', '21212121000121'),
(52, 2022, 10000, 'Branco', 'Ótimo', 110000.00, 'Yamaha R3', 'Gasolina', '22222222000122'),
(53, 2021, 14000, 'Vermelho', 'Ótimo', 95000.00, 'Kawasaki Ninja 650', 'Gasolina', '23232323000123'),
(54, 2020, 20000, 'Cinza', 'Bom', 80000.00, 'Suzuki GSX-S750', 'Gasolina', '24242424000124'),
(55, 2019, 25000, 'Preto', 'Bom', 60000.00, 'Honda CB Twister', 'Gasolina', '25252525000125'),
(56, 2018, 30000, 'Azul', 'Regular', 40000.00, 'Yamaha Fazer 150', 'Gasolina', '26262626000126'),
(57, 2017, 35000, 'Vermelho', 'Regular', 32000.00, 'Honda XR 250 Tornado', 'Gasolina', '27272727000127'),
(58, 2016, 40000, 'Branco', 'Regular', 25000.00, 'Suzuki Intruder 125', 'Gasolina', '28282828000128'),
(59, 2015, 48000, 'Cinza', 'Ruim', 20000.00, 'Yamaha Neo 125', 'Gasolina', '29292929000129'),
(60, 2014, 55000, 'Preto', 'Ruim', 15000.00, 'Honda Lead 110', 'Gasolina', '30303030000130');

INSERT INTO Carro VALUES
(1, 4, 'Manual'),
(2, 4, 'Automático'),
(3, 4, 'Manual'),
(4, 4, 'Automático'),
(5, 4, 'Manual'),
(6, 4, 'Automático'),
(7, 4, 'Manual'),
(8, 4, 'Automático'),
(9, 4, 'Manual'),
(10, 4, 'Automático'),

(11, 4, 'Manual'),
(12, 4, 'Automático'),
(13, 4, 'Manual'),
(14, 4, 'Automático'),
(15, 4, 'Manual'),
(16, 4, 'Automático'),
(17, 4, 'Manual'),
(18, 4, 'Automático'),
(19, 4, 'Manual'),
(20, 4, 'Automático'),

(21, 4, 'Manual'),
(22, 4, 'Automático'),
(23, 4, 'Manual'),
(24, 4, 'Automático'),
(25, 4, 'Manual'),
(26, 4, 'Automático'),
(27, 4, 'Manual'),
(28, 4, 'Automático'),
(29, 4, 'Manual'),
(30, 4, 'Automático');

INSERT INTO Moto VALUES
(31, 689, 'Naked'),
(32, 649, 'Naked'),
(33, 471, 'Naked'),
(34, 399, 'Esportiva'),
(35, 249, 'Street'),
(36, 125, 'Street'),
(37, 125, 'CUB'),
(38, 150, 'Street'),
(39, 100, 'CUB'),
(40, 100, 'CUB'),

(41, 162, 'Street'),
(42, 291, 'Trail'),
(43, 399, 'Esportiva'),
(44, 248, 'Street'),
(45, 162, 'Trail'),
(46, 149, 'Street'),
(47, 300, 'Esportiva'),
(48, 125, 'Street'),
(49, 180, 'Trail'),
(50, 124, 'Street'),

(51, 471, 'Esportiva'),
(52, 321, 'Esportiva'),
(53, 649, 'Esportiva'),
(54, 749, 'Naked'),
(55, 249, 'Street'),
(56, 149, 'Street'),
(57, 249, 'Trail'),
(58, 125, 'Street'),
(59, 125, 'Scooter'),
(60, 108, 'Scooter');


INSERT INTO Vende VALUES
(1, 1,  '12312312311', '11222333000101', '2023-01-10', 115000.00, 'Dinheiro'),
(2, 31, '23423423422', '22334455000102', '2023-01-15', 90000.00, 'Pix'),
(3, 2,  '34534534533', '33445566000103', '2023-02-05', 105000.00, 'Cartão'),
(4, 32, '45645645644', '44556677000104', '2023-02-12', 120000.00, 'Boleto'),
(5, 3,  '56756756755', '55667788000105', '2023-02-25', 85000.00, 'Dinheiro'),
(6, 33, '67867867866', '66778899000106', '2023-03-01', 58000.00, 'Pix'),
(7, 4,  '78978978977', '77889900000107', '2023-03-10', 70000.00, 'Cartão'),
(8, 34, '89089089088', '88990011000108', '2023-03-20', 65000.00, 'Dinheiro'),
(9, 5,  '90190190199', '99001122000109', '2023-04-02', 140000.00, 'Pix'),
(10, 35,'10110110110', '10101010000110', '2023-04-10', 42000.00, 'Cartão'),
(11, 6, '11111111111', '11111111000111', '2023-04-18', 99000.00, 'Dinheiro'),
(12, 36,'22222222222', '12121212000112', '2023-04-22', 39000.00, 'Pix'),
(13, 7, '33333333333', '13131313000113', '2023-05-02', 75000.00, 'Cartão'),
(14, 37,'44444444444', '14141414000114', '2023-05-06', 60000.00, 'Dinheiro'),
(15, 8, '55555555555', '15151515000115', '2023-05-15', 135000.00, 'Boleto'),
(16, 38,'66666666666', '16161616000116', '2023-05-18', 50000.00, 'Pix'),
(17, 9, '77777777777', '17171717000117', '2023-05-28', 87000.00, 'Cartão'),
(18, 39,'88888888888', '18181818000118', '2023-06-01', 33000.00, 'Dinheiro'),
(19, 10,'99999999999', '19191919000119', '2023-06-10', 125000.00, 'Pix'),
(20, 40,'12121212121', '20202020000120', '2023-06-15', 45000.00, 'Cartão'),
(21, 11,'13131313131', '21212121000121', '2023-06-25', 112000.00, 'Dinheiro'),
(22, 41,'14141414141', '22222222000122', '2023-06-28', 37000.00, 'Pix'),
(23, 12,'15151515151', '23232323000123', '2023-07-05', 68000.00, 'Cartão'),
(24, 42,'16161616161', '24242424000124', '2023-07-09', 56000.00, 'Dinheiro'),
(25, 13,'17171717171', '25252525000125', '2023-07-15', 108000.00, 'Pix'),
(26, 43,'18181818181', '26262626000126', '2023-07-20', 40000.00, 'Cartão'),
(27, 14,'19191919191', '27272727000127', '2023-07-28', 95000.00, 'Dinheiro'),
(28, 44,'20202020202', '28282828000128', '2023-08-01', 35000.00, 'Pix'),
(29, 15,'21212121212', '29292929000129', '2023-08-10', 102000.00, 'Cartão'),
(30, 45,'22232323232', '30303030000130', '2023-08-14', 38000.00, 'Boleto');


INSERT INTO Manutencao VALUES
(1, 1, 'Troca de óleo', 200, '2023-01-20'),
(2, 31, 'Troca de corrente', 150, '2023-01-25'),
(3, 2, 'Troca de pneus', 1200, '2023-02-10'),
(4, 32, 'Troca de embreagem', 800, '2023-02-15'),
(5, 3, 'Alinhamento', 250, '2023-03-01'),
(6, 33, 'Revisão geral', 600, '2023-03-05'),
(7, 4, 'Troca de bateria', 500, '2023-03-20'),
(8, 34, 'Troca de farol', 250, '2023-03-25'),
(9, 5, 'Pastilha de freio', 400, '2023-04-08'),
(10, 35, 'Troca de óleo', 180, '2023-04-12'),
(11, 6, 'Troca de velas', 300, '2023-04-20'),
(12, 36, 'Ajuste de freio', 200, '2023-04-25'),
(13, 7, 'Troca de correia', 450, '2023-05-05'),
(14, 37, 'Troca de guidão', 350, '2023-05-10'),
(15, 8, 'Troca de embreagem', 750, '2023-05-18'),
(16, 38, 'Troca de pneu traseiro', 400, '2023-05-22'),
(17, 9, 'Troca de amortecedor', 1200, '2023-06-02'),
(18, 39, 'Troca de escapamento', 650, '2023-06-06'),
(19, 10, 'Troca de radiador', 1400, '2023-06-15'),
(20, 40, 'Troca de manete', 280, '2023-06-18'),
(21, 11, 'Troca de filtro de ar', 350, '2023-06-25'),
(22, 41, 'Troca de pneu dianteiro', 380, '2023-06-29'),
(23, 12, 'Troca de retrovisor', 180, '2023-07-05'),
(24, 42, 'Troca de corrente', 160, '2023-07-08'),
(25, 13, 'Troca de luz de freio', 220, '2023-07-15'),
(26, 43, 'Troca de relação', 500, '2023-07-19'),
(27, 14, 'Troca de farol', 320, '2023-07-28'),
(28, 44, 'Troca de painel', 750, '2023-08-01'),
(29, 15, 'Troca de kit direção', 900, '2023-08-10'),
(30, 45, 'Troca de cabo de embreagem', 300, '2023-08-14');



INSERT INTO Pecas VALUES
(1, 'P001', 'Óleo', 'Líquido'),
(2, 'P002', 'Corrente', 'Metal'),
(3, 'P003', 'Pneu', 'Borracha'),
(4, 'P004', 'Embreagem', 'Metal'),
(5, 'P005', 'Alinhador', 'Metal'),
(6, 'P006', 'KitRev', 'Plástico'),
(7, 'P007', 'Bateria', 'Chumbo'),
(8, 'P008', 'Farol', 'Vidro'),
(9, 'P009', 'Freio', 'Cerâmica'),
(10, 'P010', 'Óleo', 'Líquido'),
(11, 'P011', 'Velas', 'Metal'),
(12, 'P012', 'Freio', 'Metal'),
(13, 'P013', 'Correia', 'Borracha'),
(14, 'P014', 'Guidão', 'Metal'),
(15, 'P015', 'Emb', 'Metal'),
(16, 'P016', 'Pneu', 'Borracha'),
(17, 'P017', 'Amorteced', 'Metal'),
(18, 'P018', 'Escapam', 'Aço'),
(19, 'P019', 'Radiador', 'Alumínio'),
(20, 'P020', 'Manete', 'Plástico'),
(21, 'P021', 'FiltroAr', 'Papel'),
(22, 'P022', 'Pneu', 'Borracha'),
(23, 'P023', 'Retrovis', 'Vidro'),
(24, 'P024', 'Corrente', 'Aço'),
(25, 'P025', 'LuzFreio', 'LED'),
(26, 'P026', 'Relação', 'Metal'),
(27, 'P027', 'Farol', 'Vidro'),
(28, 'P028', 'Painel', 'Plástico'),
(29, 'P029', 'Direção', 'Metal'),
(30, 'P030', 'CaboEmb', 'Metal');


